USE hotelproject;
	
INSERT INTO GUEST (firstName, lastName, address, city, state, zip, phone) VALUES
	('Tom','Lee','1 Wall Street','New York City','NY','12345','(123) 456-7890'),
	('Mack','Simmer','379 Old Shore Street','Council Bluffs','IA','51501','(291) 553-0508'),
	('Bettyann','Seery','750 Wintergreen Dr.','Wasilla','AK','99654','(478) 277-9632'),
	('Duane','Cullison','9662 Foxrun Lane','Harlingen','TX','78552','(308) 494-0198'),
	('Karie','Yang','9378 W. Augusta Ave.','West Deptford','NJ','08096','(214) 730-0298'),
	('Aurore','Lipton','762 Wild Rose Street','Saginaw','MI','48601','(377) 507-0974'),
	('Zachery','Luechtefeld','7 Poplar Dr.','Arvada','CO','80003','(814) 485-2615'),
	('Jeremiah','Pendergrass','70 Oakwood St.','Zion','IL','60099','(279) 491-0960'),
	('Walter','Holaway','7556 Arrowhead St.','Cumberland','RI','02864','(446) 396-6785'),
	('Wilfred','Vise','77 West Surrey Street','Oswego','NY','13126','(834) 727-1001'),
	('Maritza','Tilton','939 Linda Rd.','Burke','VA','22015','(446) 351-6860'),
	('Joleen','Tison','87 Queen St.','Drexel Hill','PA','19026','(231) 893-2755');

INSERT INTO AMENITY (amenityType) VALUES
	('Microwave'),
	('Refrigerator'),
	('Oven');
	
INSERT INTO ROOM (roomNumber, roomType, isADA, standardOccupancy, maxOccupancy, basePrice, extraPersonPrice, hasJacuzzi) VALUES
	(201,'Double',FALSE,2,4,199.99,10,TRUE),
	(202,'Double',TRUE,2,4,174.99,10,FALSE),
	(203,'Double',FALSE,2,4,199.99,10,TRUE),
	(204,'Double',TRUE,2,4,174.99,10,FALSE),
	(205,'Single',FALSE,2,2,174.99,NULL,TRUE),
	(206,'Single',TRUE,2,2,149.99,NULL,FALSE),
	(207,'Single',FALSE,2,2,174.99,NULL,TRUE),
	(208,'Single',TRUE,2,2,149.99,NULL,FALSE),
	(301,'Double',FALSE,2,4,199.99,10,TRUE),
	(302,'Double',TRUE,2,4,174.99,10,FALSE),
	(303,'Double',FALSE,2,4,199.99,10,TRUE),
	(304,'Double',TRUE,2,4,174.99,10,FALSE),
	(305,'Single',FALSE,2,2,174.99,NULL,TRUE),
	(306,'Single',TRUE,2,2,149.99,NULL,FALSE),
	(307,'Single',FALSE,2,2,174.99,NULL,TRUE),
	(308,'Single',TRUE,2,2,149.99,NULL,FALSE),
	(401,'Suite',TRUE,3,8,399.99,20,FALSE),
	(402,'Suite',TRUE,3,8,399.99,20,FALSE);
	
INSERT INTO ROOM_AMENITY (roomNumber, amenityId) VALUES
	(201,1),
    (202,2),
    (203,1),
    (204,2),
    (205,1),
    (205,2),
    (206,1),
    (206,2),
    (207,1),
    (207,2),
    (208,1),
    (208,2),
    (301,1),
    (302,2),
    (303,1),
    (304,2),
    (305,1),
    (305,2),
    (306,1),
    (306,2),
    (307,1),
    (307,2),
    (308,1),
    (308,2),
    (401,1),
    (401,2),
    (401,3),
    (402,1),
    (402,2),
    (402,3);
	
INSERT INTO RESERVATION (adults, children, startDate, endDate, totalCost, guestId) VALUES
	(1,0,'2023-02-02','2023-02-04',299.98,2),
	(2,1,'2023-02-05','2023-02-10',999.95,3),
	(2,0,'2023-02-22','2023-02-24',349.98,4),
	(2,2,'2023-03-06','2023-03-07',199.99,5),
	(1,1,'2023-03-17','2023-03-20',524.97,1),
	(3,0,'2023-03-18','2023-03-23',924.95,6),
	(2,2,'2023-03-29','2023-03-31',349.98,7),
	(2,0,'2023-03-31','2023-04-05',874.95,8),
	(1,0,'2023-04-09','2023-04-13',799.96,9),
	(1,1,'2023-04-23','2023-04-24',174.99,10),
	(2,4,'2023-05-30','2023-06-02',1199.97,11),
	(2,0,'2023-06-10','2023-06-14',599.96,12),
	(1,0,'2023-06-10','2023-06-14',599.96,12),
	(3,0,'2023-06-17','2023-06-18',184.99,6),
	(2,0,'2023-06-28','2023-07-02',699.96,1),
	(3,1,'2023-07-13','2023-07-14',184.99,9),
	(4,2,'2023-07-18','2023-07-21',1259.97,10),
	(2,1,'2023-07-28','2023-07-29',199.99,3),
	(1,0,'2023-08-30','2023-09-01',349.98,3),
	(2,0,'2023-09-16','2023-09-17',149.99,2),
	(2,2,'2023-09-13','2023-09-15',399.98,5),
	(2,2,'2023-11-22','2023-11-25',1199.97,4),
	(2,0,'2023-11-22','2023-11-25',449.97,2),
	(2,2,'2023-11-22','2023-11-25',599.97,2),
	(2,0,'2023-12-24','2023-12-28',699.96,11);
	
INSERT INTO ROOM_RESERVATION (roomNumber, reservationId) VALUES 
	(308,1),
    (203,2),
    (305,3),
    (201,4),
    (307,5),
    (302,6),
    (202,7),
    (304,8),
    (301,9),
    (207,10),
    (401,11),
    (206,12),
    (208,13),
    (304,14),
    (205,15),
    (204,16),
    (401,17),
    (303,18),
    (305,19),
    (208,20),
    (203,21),
    (401,22),
    (206,23),
    (301,24),
    (302,25);
	
-- To delete Jeremiah Pendergrass and his reservations from the database:
DELETE FROM ROOM_RESERVATION WHERE reservationId = 8;
DELETE FROM RESERVATION WHERE reservationId = 8;
DELETE FROM GUEST WHERE guestId = 8;